Hexalith.Conversations.Conformance.Tests	ByteAether.Ulid	1.4.0
Hexalith.Conversations.Conformance.Tests	Dapr.AspNetCore	1.18.7
Hexalith.Conversations.Conformance.Tests	Dapr.Client	1.18.7
Hexalith.Conversations.Conformance.Tests	Dapr.Common	1.18.7
Hexalith.Conversations.Conformance.Tests	Dapr.Protos	1.18.7
Hexalith.Conversations.Conformance.Tests	DiffEngine	11.3.0
Hexalith.Conversations.Conformance.Tests	EmptyFiles	4.4.0
Hexalith.Conversations.Conformance.Tests	Google.Api.CommonProtos	2.17.0
Hexalith.Conversations.Conformance.Tests	Google.Protobuf	3.35.0
Hexalith.Conversations.Conformance.Tests	Grpc.Core.Api	2.80.0
Hexalith.Conversations.Conformance.Tests	Grpc.Net.Client	2.80.0
Hexalith.Conversations.Conformance.Tests	Grpc.Net.Common	2.80.0
Hexalith.Conversations.Conformance.Tests	Grpc.Reflection	2.80.0
Hexalith.Conversations.Conformance.Tests	Hexalith.Commons.UniqueIds	2.30.0
Hexalith.Conversations.Conformance.Tests	Hexalith.EventStore.Client	3.106.0
Hexalith.Conversations.Conformance.Tests	Microsoft.ApplicationInsights	2.23.0
Hexalith.Conversations.Conformance.Tests	Microsoft.AspNetCore.Authentication.JwtBearer	10.0.12
Hexalith.Conversations.Conformance.Tests	Microsoft.AspNetCore.DataProtection.Abstractions	10.0.12
Hexalith.Conversations.Conformance.Tests	Microsoft.Bcl.AsyncInterfaces	6.0.0
Hexalith.Conversations.Conformance.Tests	Microsoft.Bcl.Cryptography	10.0.2
Hexalith.Conversations.Conformance.Tests	Microsoft.CodeCoverage	18.10.1
Hexalith.Conversations.Conformance.Tests	Microsoft.Extensions.AmbientMetadata.Application	10.10.0
Hexalith.Conversations.Conformance.Tests	Microsoft.Extensions.Compliance.Abstractions	10.10.0
Hexalith.Conversations.Conformance.Tests	Microsoft.Extensions.Configuration	10.0.12
Hexalith.Conversations.Conformance.Tests	Microsoft.Extensions.Configuration.Abstractions	10.0.12
Hexalith.Conversations.Conformance.Tests	Microsoft.Extensions.Configuration.Binder	10.0.12
Hexalith.Conversations.Conformance.Tests	Microsoft.Extensions.Configuration.EnvironmentVariables	10.0.0
Hexalith.Conversations.Conformance.Tests	Microsoft.Extensions.DependencyInjection	10.0.12
Hexalith.Conversations.Conformance.Tests	Microsoft.Extensions.DependencyInjection.Abstractions	10.0.12
Hexalith.Conversations.Conformance.Tests	Microsoft.Extensions.DependencyInjection.AutoActivation	10.10.0
Hexalith.Conversations.Conformance.Tests	Microsoft.Extensions.Diagnostics	10.0.12
Hexalith.Conversations.Conformance.Tests	Microsoft.Extensions.Diagnostics.Abstractions	10.0.12
Hexalith.Conversations.Conformance.Tests	Microsoft.Extensions.Diagnostics.ExceptionSummarization	10.10.0
Hexalith.Conversations.Conformance.Tests	Microsoft.Extensions.Features	10.0.12
Hexalith.Conversations.Conformance.Tests	Microsoft.Extensions.FileProviders.Abstractions	10.0.12
Hexalith.Conversations.Conformance.Tests	Microsoft.Extensions.Hosting.Abstractions	10.0.12
Hexalith.Conversations.Conformance.Tests	Microsoft.Extensions.Http	10.0.12
Hexalith.Conversations.Conformance.Tests	Microsoft.Extensions.Http.Diagnostics	10.10.0
Hexalith.Conversations.Conformance.Tests	Microsoft.Extensions.Http.Resilience	10.10.0
Hexalith.Conversations.Conformance.Tests	Microsoft.Extensions.Logging	10.0.12
Hexalith.Conversations.Conformance.Tests	Microsoft.Extensions.Logging.Abstractions	10.0.12
Hexalith.Conversations.Conformance.Tests	Microsoft.Extensions.Logging.Configuration	10.0.12
Hexalith.Conversations.Conformance.Tests	Microsoft.Extensions.ObjectPool	10.0.12
Hexalith.Conversations.Conformance.Tests	Microsoft.Extensions.Options	10.0.12
Hexalith.Conversations.Conformance.Tests	Microsoft.Extensions.Options.ConfigurationExtensions	10.0.12
Hexalith.Conversations.Conformance.Tests	Microsoft.Extensions.Primitives	10.0.12
Hexalith.Conversations.Conformance.Tests	Microsoft.Extensions.Resilience	10.10.0
Hexalith.Conversations.Conformance.Tests	Microsoft.Extensions.ServiceDiscovery	10.10.0
Hexalith.Conversations.Conformance.Tests	Microsoft.Extensions.ServiceDiscovery.Abstractions	10.10.0
Hexalith.Conversations.Conformance.Tests	Microsoft.Extensions.Telemetry	10.10.0
Hexalith.Conversations.Conformance.Tests	Microsoft.Extensions.Telemetry.Abstractions	10.10.0
Hexalith.Conversations.Conformance.Tests	Microsoft.IdentityModel.Abstractions	8.22.0
Hexalith.Conversations.Conformance.Tests	Microsoft.IdentityModel.JsonWebTokens	8.22.0
Hexalith.Conversations.Conformance.Tests	Microsoft.IdentityModel.Logging	8.22.0
Hexalith.Conversations.Conformance.Tests	Microsoft.IdentityModel.Protocols	8.22.0
Hexalith.Conversations.Conformance.Tests	Microsoft.IdentityModel.Protocols.OpenIdConnect	8.22.0
Hexalith.Conversations.Conformance.Tests	Microsoft.IdentityModel.Tokens	8.22.0
Hexalith.Conversations.Conformance.Tests	Microsoft.NET.Test.Sdk	18.10.1
Hexalith.Conversations.Conformance.Tests	Microsoft.TestPlatform.ObjectModel	18.10.1
Hexalith.Conversations.Conformance.Tests	Microsoft.TestPlatform.TestHost	18.10.1
Hexalith.Conversations.Conformance.Tests	Microsoft.Testing.Extensions.Telemetry	2.4.0
Hexalith.Conversations.Conformance.Tests	Microsoft.Testing.Extensions.TrxReport.Abstractions	2.4.0
Hexalith.Conversations.Conformance.Tests	Microsoft.Testing.Platform	2.4.0
Hexalith.Conversations.Conformance.Tests	Microsoft.Testing.Platform.MSBuild	2.4.0
Hexalith.Conversations.Conformance.Tests	Microsoft.Win32.Registry	5.0.0
Hexalith.Conversations.Conformance.Tests	OpenTelemetry	1.18.0
Hexalith.Conversations.Conformance.Tests	OpenTelemetry.Api	1.18.0
Hexalith.Conversations.Conformance.Tests	OpenTelemetry.Api.ProviderBuilderExtensions	1.18.0
Hexalith.Conversations.Conformance.Tests	OpenTelemetry.Exporter.OpenTelemetryProtocol	1.18.0
Hexalith.Conversations.Conformance.Tests	OpenTelemetry.Extensions.Hosting	1.18.0
Hexalith.Conversations.Conformance.Tests	OpenTelemetry.Instrumentation.AspNetCore	1.18.0
Hexalith.Conversations.Conformance.Tests	OpenTelemetry.Instrumentation.Http	1.18.0
Hexalith.Conversations.Conformance.Tests	OpenTelemetry.Instrumentation.Runtime	1.18.0
Hexalith.Conversations.Conformance.Tests	Polly.Core	8.4.2
Hexalith.Conversations.Conformance.Tests	Polly.Extensions	8.4.2
Hexalith.Conversations.Conformance.Tests	Polly.RateLimiting	8.4.2
Hexalith.Conversations.Conformance.Tests	Shouldly	4.3.0
Hexalith.Conversations.Conformance.Tests	System.CodeDom	6.0.0
Hexalith.Conversations.Conformance.Tests	System.IdentityModel.Tokens.Jwt	8.22.0
Hexalith.Conversations.Conformance.Tests	System.Management	6.0.1
Hexalith.Conversations.Conformance.Tests	System.Security.AccessControl	6.0.1
Hexalith.Conversations.Conformance.Tests	System.Threading.RateLimiting	8.0.0
Hexalith.Conversations.Conformance.Tests	coverlet.collector	10.0.1
Hexalith.Conversations.Conformance.Tests	xunit.analyzers	2.1.0
Hexalith.Conversations.Conformance.Tests	xunit.runner.visualstudio	4.0.0
Hexalith.Conversations.Conformance.Tests	xunit.v3	4.0.1
Hexalith.Conversations.Conformance.Tests	xunit.v3.assert	4.0.1
Hexalith.Conversations.Conformance.Tests	xunit.v3.common	4.0.1
Hexalith.Conversations.Conformance.Tests	xunit.v3.core.mtp-v2	4.0.1
Hexalith.Conversations.Conformance.Tests	xunit.v3.extensibility.core	4.0.1
Hexalith.Conversations.Conformance.Tests	xunit.v3.mtp-v2	4.0.1
Hexalith.Conversations.Conformance.Tests	xunit.v3.runner.common	4.0.1
Hexalith.Conversations.Conformance.Tests	xunit.v3.runner.inproc.console	4.0.1
Hexalith.Conversations.IntegrationTests	AspNetCore.HealthChecks.Uris	9.0.0
Hexalith.Conversations.IntegrationTests	Aspire.Hosting	13.5.4
Hexalith.Conversations.IntegrationTests	Aspire.Hosting.AppHost	13.5.4
Hexalith.Conversations.IntegrationTests	Aspire.Hosting.Testing	13.5.4
Hexalith.Conversations.IntegrationTests	ByteAether.Ulid	1.4.0
Hexalith.Conversations.IntegrationTests	Dapr.Actors	1.18.7
Hexalith.Conversations.IntegrationTests	Dapr.Actors.AspNetCore	1.18.7
Hexalith.Conversations.IntegrationTests	Dapr.AspNetCore	1.18.7
Hexalith.Conversations.IntegrationTests	Dapr.Client	1.18.7
Hexalith.Conversations.IntegrationTests	Dapr.Common	1.18.7
Hexalith.Conversations.IntegrationTests	Dapr.Protos	1.18.7
Hexalith.Conversations.IntegrationTests	DiffEngine	11.3.0
Hexalith.Conversations.IntegrationTests	EmptyFiles	4.4.0
Hexalith.Conversations.IntegrationTests	Fractions	7.3.0
Hexalith.Conversations.IntegrationTests	Google.Api.CommonProtos	2.17.0
Hexalith.Conversations.IntegrationTests	Google.Protobuf	3.35.0
Hexalith.Conversations.IntegrationTests	Grpc.AspNetCore	2.80.0
Hexalith.Conversations.IntegrationTests	Grpc.AspNetCore.Server	2.80.0
Hexalith.Conversations.IntegrationTests	Grpc.AspNetCore.Server.ClientFactory	2.80.0
Hexalith.Conversations.IntegrationTests	Grpc.Core.Api	2.80.0
Hexalith.Conversations.IntegrationTests	Grpc.Net.Client	2.80.0
Hexalith.Conversations.IntegrationTests	Grpc.Net.ClientFactory	2.80.0
Hexalith.Conversations.IntegrationTests	Grpc.Net.Common	2.80.0
Hexalith.Conversations.IntegrationTests	Grpc.Reflection	2.80.0
Hexalith.Conversations.IntegrationTests	Grpc.Tools	2.80.0
Hexalith.Conversations.IntegrationTests	Hexalith.Commons.UniqueIds	2.30.0
Hexalith.Conversations.IntegrationTests	Hexalith.EventStore.Contracts	3.106.0
Hexalith.Conversations.IntegrationTests	Humanizer.Core	3.0.10
Hexalith.Conversations.IntegrationTests	Json.More.Net	3.0.1
Hexalith.Conversations.IntegrationTests	JsonPatch.Net	5.0.2
Hexalith.Conversations.IntegrationTests	JsonPointer.Net	7.0.1
Hexalith.Conversations.IntegrationTests	KubernetesClient	19.0.2
Hexalith.Conversations.IntegrationTests	MediatR	14.2.0
Hexalith.Conversations.IntegrationTests	MediatR.Contracts	2.0.1
Hexalith.Conversations.IntegrationTests	MessagePack	2.5.302
Hexalith.Conversations.IntegrationTests	MessagePack.Annotations	2.5.302
Hexalith.Conversations.IntegrationTests	Microsoft.ApplicationInsights	2.23.0
Hexalith.Conversations.IntegrationTests	Microsoft.AspNetCore.Authentication.JwtBearer	10.0.12
Hexalith.Conversations.IntegrationTests	Microsoft.AspNetCore.DataProtection.Abstractions	10.0.12
Hexalith.Conversations.IntegrationTests	Microsoft.Bcl.AsyncInterfaces	6.0.0
Hexalith.Conversations.IntegrationTests	Microsoft.Bcl.Cryptography	10.0.2
Hexalith.Conversations.IntegrationTests	Microsoft.CodeCoverage	18.10.1
Hexalith.Conversations.IntegrationTests	Microsoft.Extensions.AI.Abstractions	10.5.2
Hexalith.Conversations.IntegrationTests	Microsoft.Extensions.AmbientMetadata.Application	10.10.0
Hexalith.Conversations.IntegrationTests	Microsoft.Extensions.Caching.Abstractions	10.0.7
Hexalith.Conversations.IntegrationTests	Microsoft.Extensions.Compliance.Abstractions	10.10.0
Hexalith.Conversations.IntegrationTests	Microsoft.Extensions.Configuration	10.0.12
Hexalith.Conversations.IntegrationTests	Microsoft.Extensions.Configuration.Abstractions	10.0.12
Hexalith.Conversations.IntegrationTests	Microsoft.Extensions.Configuration.Binder	10.0.12
Hexalith.Conversations.IntegrationTests	Microsoft.Extensions.Configuration.CommandLine	10.0.11
Hexalith.Conversations.IntegrationTests	Microsoft.Extensions.Configuration.EnvironmentVariables	10.0.11
Hexalith.Conversations.IntegrationTests	Microsoft.Extensions.Configuration.FileExtensions	10.0.11
Hexalith.Conversations.IntegrationTests	Microsoft.Extensions.Configuration.Json	10.0.11
Hexalith.Conversations.IntegrationTests	Microsoft.Extensions.Configuration.UserSecrets	10.0.11
Hexalith.Conversations.IntegrationTests	Microsoft.Extensions.DependencyInjection	10.0.12
Hexalith.Conversations.IntegrationTests	Microsoft.Extensions.DependencyInjection.Abstractions	10.0.12
Hexalith.Conversations.IntegrationTests	Microsoft.Extensions.DependencyInjection.AutoActivation	10.10.0
Hexalith.Conversations.IntegrationTests	Microsoft.Extensions.Diagnostics	10.0.12
Hexalith.Conversations.IntegrationTests	Microsoft.Extensions.Diagnostics.Abstractions	10.0.12
Hexalith.Conversations.IntegrationTests	Microsoft.Extensions.Diagnostics.ExceptionSummarization	10.10.0
Hexalith.Conversations.IntegrationTests	Microsoft.Extensions.Diagnostics.HealthChecks	10.0.11
Hexalith.Conversations.IntegrationTests	Microsoft.Extensions.Diagnostics.HealthChecks.Abstractions	10.0.11
Hexalith.Conversations.IntegrationTests	Microsoft.Extensions.Features	10.0.12
Hexalith.Conversations.IntegrationTests	Microsoft.Extensions.FileProviders.Abstractions	10.0.12
Hexalith.Conversations.IntegrationTests	Microsoft.Extensions.FileProviders.Physical	10.0.11
Hexalith.Conversations.IntegrationTests	Microsoft.Extensions.FileSystemGlobbing	10.0.11
Hexalith.Conversations.IntegrationTests	Microsoft.Extensions.Hosting	10.0.11
Hexalith.Conversations.IntegrationTests	Microsoft.Extensions.Hosting.Abstractions	10.0.12
Hexalith.Conversations.IntegrationTests	Microsoft.Extensions.Http	10.0.12
Hexalith.Conversations.IntegrationTests	Microsoft.Extensions.Http.Diagnostics	10.10.0
Hexalith.Conversations.IntegrationTests	Microsoft.Extensions.Http.Resilience	10.10.0
Hexalith.Conversations.IntegrationTests	Microsoft.Extensions.Logging	10.0.12
Hexalith.Conversations.IntegrationTests	Microsoft.Extensions.Logging.Abstractions	10.0.12
Hexalith.Conversations.IntegrationTests	Microsoft.Extensions.Logging.Configuration	10.0.12
Hexalith.Conversations.IntegrationTests	Microsoft.Extensions.Logging.Console	10.0.11
Hexalith.Conversations.IntegrationTests	Microsoft.Extensions.Logging.Debug	10.0.11
Hexalith.Conversations.IntegrationTests	Microsoft.Extensions.Logging.EventLog	10.0.11
Hexalith.Conversations.IntegrationTests	Microsoft.Extensions.Logging.EventSource	10.0.11
Hexalith.Conversations.IntegrationTests	Microsoft.Extensions.ObjectPool	10.0.12
Hexalith.Conversations.IntegrationTests	Microsoft.Extensions.Options	10.0.12
Hexalith.Conversations.IntegrationTests	Microsoft.Extensions.Options.ConfigurationExtensions	10.0.12
Hexalith.Conversations.IntegrationTests	Microsoft.Extensions.Primitives	10.0.12
Hexalith.Conversations.IntegrationTests	Microsoft.Extensions.Resilience	10.10.0
Hexalith.Conversations.IntegrationTests	Microsoft.Extensions.ServiceDiscovery	10.10.0
Hexalith.Conversations.IntegrationTests	Microsoft.Extensions.ServiceDiscovery.Abstractions	10.10.0
Hexalith.Conversations.IntegrationTests	Microsoft.Extensions.Telemetry	10.10.0
Hexalith.Conversations.IntegrationTests	Microsoft.Extensions.Telemetry.Abstractions	10.10.0
Hexalith.Conversations.IntegrationTests	Microsoft.IdentityModel.Abstractions	8.22.0
Hexalith.Conversations.IntegrationTests	Microsoft.IdentityModel.JsonWebTokens	8.22.0
Hexalith.Conversations.IntegrationTests	Microsoft.IdentityModel.Logging	8.22.0
Hexalith.Conversations.IntegrationTests	Microsoft.IdentityModel.Protocols	8.22.0
Hexalith.Conversations.IntegrationTests	Microsoft.IdentityModel.Protocols.OpenIdConnect	8.22.0
Hexalith.Conversations.IntegrationTests	Microsoft.IdentityModel.Tokens	8.22.0
Hexalith.Conversations.IntegrationTests	Microsoft.NET.StringTools	18.4.0
Hexalith.Conversations.IntegrationTests	Microsoft.NET.Test.Sdk	18.10.1
Hexalith.Conversations.IntegrationTests	Microsoft.TestPlatform.ObjectModel	18.10.1
Hexalith.Conversations.IntegrationTests	Microsoft.TestPlatform.TestHost	18.10.1
Hexalith.Conversations.IntegrationTests	Microsoft.Testing.Extensions.Telemetry	2.4.0
Hexalith.Conversations.IntegrationTests	Microsoft.Testing.Extensions.TrxReport.Abstractions	2.4.0
Hexalith.Conversations.IntegrationTests	Microsoft.Testing.Platform	2.4.0
Hexalith.Conversations.IntegrationTests	Microsoft.Testing.Platform.MSBuild	2.4.0
Hexalith.Conversations.IntegrationTests	Microsoft.VisualStudio.Threading.Only	17.14.15
Hexalith.Conversations.IntegrationTests	Microsoft.VisualStudio.Validation	17.13.22
Hexalith.Conversations.IntegrationTests	Microsoft.Win32.Registry	5.0.0
Hexalith.Conversations.IntegrationTests	ModelContextProtocol	1.3.0
Hexalith.Conversations.IntegrationTests	ModelContextProtocol.Core	1.3.0
Hexalith.Conversations.IntegrationTests	Nerdbank.MessagePack	1.2.4
Hexalith.Conversations.IntegrationTests	Nerdbank.Streams	2.13.16
Hexalith.Conversations.IntegrationTests	Newtonsoft.Json	13.0.4
Hexalith.Conversations.IntegrationTests	OpenTelemetry	1.18.0
Hexalith.Conversations.IntegrationTests	OpenTelemetry.Api	1.18.0
Hexalith.Conversations.IntegrationTests	OpenTelemetry.Api.ProviderBuilderExtensions	1.18.0
Hexalith.Conversations.IntegrationTests	OpenTelemetry.Exporter.OpenTelemetryProtocol	1.18.0
Hexalith.Conversations.IntegrationTests	OpenTelemetry.Extensions.Hosting	1.18.0
Hexalith.Conversations.IntegrationTests	OpenTelemetry.Instrumentation.AspNetCore	1.18.0
Hexalith.Conversations.IntegrationTests	OpenTelemetry.Instrumentation.Http	1.18.0
Hexalith.Conversations.IntegrationTests	OpenTelemetry.Instrumentation.Runtime	1.18.0
Hexalith.Conversations.IntegrationTests	Polly.Core	8.6.6
Hexalith.Conversations.IntegrationTests	Polly.Extensions	8.6.6
Hexalith.Conversations.IntegrationTests	Polly.RateLimiting	8.4.2
Hexalith.Conversations.IntegrationTests	PolyType	1.3.1
Hexalith.Conversations.IntegrationTests	Semver	3.0.0
Hexalith.Conversations.IntegrationTests	Shouldly	4.3.0
Hexalith.Conversations.IntegrationTests	StreamJsonRpc	2.25.29
Hexalith.Conversations.IntegrationTests	System.CodeDom	6.0.0
Hexalith.Conversations.IntegrationTests	System.Diagnostics.EventLog	10.0.11
Hexalith.Conversations.IntegrationTests	System.IO.Hashing	10.0.8
Hexalith.Conversations.IntegrationTests	System.IdentityModel.Tokens.Jwt	8.22.0
Hexalith.Conversations.IntegrationTests	System.Management	6.0.1
Hexalith.Conversations.IntegrationTests	System.Security.AccessControl	6.0.1
Hexalith.Conversations.IntegrationTests	System.Threading.RateLimiting	8.0.0
Hexalith.Conversations.IntegrationTests	YamlDotNet	16.3.0
Hexalith.Conversations.IntegrationTests	coverlet.collector	10.0.1
Hexalith.Conversations.IntegrationTests	xunit.analyzers	2.1.0
Hexalith.Conversations.IntegrationTests	xunit.runner.visualstudio	4.0.0
Hexalith.Conversations.IntegrationTests	xunit.v3	4.0.1
Hexalith.Conversations.IntegrationTests	xunit.v3.assert	4.0.1
Hexalith.Conversations.IntegrationTests	xunit.v3.common	4.0.1
Hexalith.Conversations.IntegrationTests	xunit.v3.core.mtp-v2	4.0.1
Hexalith.Conversations.IntegrationTests	xunit.v3.extensibility.core	4.0.1
Hexalith.Conversations.IntegrationTests	xunit.v3.mtp-v2	4.0.1
Hexalith.Conversations.IntegrationTests	xunit.v3.runner.common	4.0.1
Hexalith.Conversations.IntegrationTests	xunit.v3.runner.inproc.console	4.0.1
Hexalith.Conversations.Server	ByteAether.Ulid	1.4.0
Hexalith.Conversations.Server	Dapr.AspNetCore	1.18.7
Hexalith.Conversations.Server	Dapr.Client	1.18.7
Hexalith.Conversations.Server	Dapr.Common	1.18.7
Hexalith.Conversations.Server	Dapr.Protos	1.18.7
Hexalith.Conversations.Server	Google.Api.CommonProtos	2.17.0
Hexalith.Conversations.Server	Google.Protobuf	3.35.0
Hexalith.Conversations.Server	Grpc.Core.Api	2.80.0
Hexalith.Conversations.Server	Grpc.Net.Client	2.80.0
Hexalith.Conversations.Server	Grpc.Net.Common	2.80.0
Hexalith.Conversations.Server	Grpc.Reflection	2.80.0
Hexalith.Conversations.Server	Hexalith.Commons.UniqueIds	2.30.0
Hexalith.Conversations.Server	Microsoft.AspNetCore.Authentication.JwtBearer	10.0.12
Hexalith.Conversations.Server	Microsoft.Bcl.Cryptography	10.0.2
Hexalith.Conversations.Server	Microsoft.Extensions.AmbientMetadata.Application	10.10.0
Hexalith.Conversations.Server	Microsoft.Extensions.Compliance.Abstractions	10.10.0
Hexalith.Conversations.Server	Microsoft.Extensions.DependencyInjection.AutoActivation	10.10.0
Hexalith.Conversations.Server	Microsoft.Extensions.Diagnostics.ExceptionSummarization	10.10.0
Hexalith.Conversations.Server	Microsoft.Extensions.Http.Diagnostics	10.10.0
Hexalith.Conversations.Server	Microsoft.Extensions.Http.Resilience	10.10.0
Hexalith.Conversations.Server	Microsoft.Extensions.Resilience	10.10.0
Hexalith.Conversations.Server	Microsoft.Extensions.ServiceDiscovery	10.10.0
Hexalith.Conversations.Server	Microsoft.Extensions.ServiceDiscovery.Abstractions	10.10.0
Hexalith.Conversations.Server	Microsoft.Extensions.Telemetry	10.10.0
Hexalith.Conversations.Server	Microsoft.Extensions.Telemetry.Abstractions	10.10.0
Hexalith.Conversations.Server	Microsoft.IdentityModel.Abstractions	8.22.0
Hexalith.Conversations.Server	Microsoft.IdentityModel.JsonWebTokens	8.22.0
Hexalith.Conversations.Server	Microsoft.IdentityModel.Logging	8.22.0
Hexalith.Conversations.Server	Microsoft.IdentityModel.Protocols	8.22.0
Hexalith.Conversations.Server	Microsoft.IdentityModel.Protocols.OpenIdConnect	8.22.0
Hexalith.Conversations.Server	Microsoft.IdentityModel.Tokens	8.22.0
Hexalith.Conversations.Server	OpenTelemetry	1.18.0
Hexalith.Conversations.Server	OpenTelemetry.Api	1.18.0
Hexalith.Conversations.Server	OpenTelemetry.Api.ProviderBuilderExtensions	1.18.0
Hexalith.Conversations.Server	OpenTelemetry.Exporter.OpenTelemetryProtocol	1.18.0
Hexalith.Conversations.Server	OpenTelemetry.Extensions.Hosting	1.18.0
Hexalith.Conversations.Server	OpenTelemetry.Instrumentation.AspNetCore	1.18.0
Hexalith.Conversations.Server	OpenTelemetry.Instrumentation.Http	1.18.0
Hexalith.Conversations.Server	OpenTelemetry.Instrumentation.Runtime	1.18.0
Hexalith.Conversations.Server	Polly.Core	8.4.2
Hexalith.Conversations.Server	Polly.Extensions	8.4.2
Hexalith.Conversations.Server	Polly.RateLimiting	8.4.2
Hexalith.Conversations.Server	System.IdentityModel.Tokens.Jwt	8.22.0
Hexalith.Conversations.Server.Tests	ByteAether.Ulid	1.4.0
Hexalith.Conversations.Server.Tests	Dapr.Actors	1.18.7
Hexalith.Conversations.Server.Tests	Dapr.Actors.AspNetCore	1.18.7
Hexalith.Conversations.Server.Tests	Dapr.AspNetCore	1.18.7
Hexalith.Conversations.Server.Tests	Dapr.Client	1.18.7
Hexalith.Conversations.Server.Tests	Dapr.Common	1.18.7
Hexalith.Conversations.Server.Tests	Dapr.Protos	1.18.7
Hexalith.Conversations.Server.Tests	DiffEngine	11.3.0
Hexalith.Conversations.Server.Tests	EmptyFiles	4.4.0
Hexalith.Conversations.Server.Tests	Google.Api.CommonProtos	2.17.0
Hexalith.Conversations.Server.Tests	Google.Protobuf	3.35.0
Hexalith.Conversations.Server.Tests	Grpc.Core.Api	2.80.0
Hexalith.Conversations.Server.Tests	Grpc.Net.Client	2.80.0
Hexalith.Conversations.Server.Tests	Grpc.Net.Common	2.80.0
Hexalith.Conversations.Server.Tests	Grpc.Reflection	2.80.0
Hexalith.Conversations.Server.Tests	Hexalith.Commons.UniqueIds	2.30.0
Hexalith.Conversations.Server.Tests	MediatR	14.2.0
Hexalith.Conversations.Server.Tests	MediatR.Contracts	2.0.1
Hexalith.Conversations.Server.Tests	Microsoft.ApplicationInsights	2.23.0
Hexalith.Conversations.Server.Tests	Microsoft.AspNetCore.Authentication.JwtBearer	10.0.12
Hexalith.Conversations.Server.Tests	Microsoft.AspNetCore.DataProtection.Abstractions	10.0.12
Hexalith.Conversations.Server.Tests	Microsoft.Bcl.AsyncInterfaces	6.0.0
Hexalith.Conversations.Server.Tests	Microsoft.Bcl.Cryptography	10.0.2
Hexalith.Conversations.Server.Tests	Microsoft.CodeCoverage	18.10.1
Hexalith.Conversations.Server.Tests	Microsoft.Extensions.AmbientMetadata.Application	10.10.0
Hexalith.Conversations.Server.Tests	Microsoft.Extensions.Compliance.Abstractions	10.10.0
Hexalith.Conversations.Server.Tests	Microsoft.Extensions.Configuration	10.0.12
Hexalith.Conversations.Server.Tests	Microsoft.Extensions.Configuration.Abstractions	10.0.12
Hexalith.Conversations.Server.Tests	Microsoft.Extensions.Configuration.Binder	10.0.12
Hexalith.Conversations.Server.Tests	Microsoft.Extensions.Configuration.EnvironmentVariables	10.0.0
Hexalith.Conversations.Server.Tests	Microsoft.Extensions.DependencyInjection	10.0.12
Hexalith.Conversations.Server.Tests	Microsoft.Extensions.DependencyInjection.Abstractions	10.0.12
Hexalith.Conversations.Server.Tests	Microsoft.Extensions.DependencyInjection.AutoActivation	10.10.0
Hexalith.Conversations.Server.Tests	Microsoft.Extensions.Diagnostics	10.0.12
Hexalith.Conversations.Server.Tests	Microsoft.Extensions.Diagnostics.Abstractions	10.0.12
Hexalith.Conversations.Server.Tests	Microsoft.Extensions.Diagnostics.ExceptionSummarization	10.10.0
Hexalith.Conversations.Server.Tests	Microsoft.Extensions.Features	10.0.12
Hexalith.Conversations.Server.Tests	Microsoft.Extensions.FileProviders.Abstractions	10.0.12
Hexalith.Conversations.Server.Tests	Microsoft.Extensions.Hosting.Abstractions	10.0.12
Hexalith.Conversations.Server.Tests	Microsoft.Extensions.Http	10.0.12
Hexalith.Conversations.Server.Tests	Microsoft.Extensions.Http.Diagnostics	10.10.0
Hexalith.Conversations.Server.Tests	Microsoft.Extensions.Http.Resilience	10.10.0
Hexalith.Conversations.Server.Tests	Microsoft.Extensions.Logging	10.0.12
Hexalith.Conversations.Server.Tests	Microsoft.Extensions.Logging.Abstractions	10.0.12
Hexalith.Conversations.Server.Tests	Microsoft.Extensions.Logging.Configuration	10.0.12
Hexalith.Conversations.Server.Tests	Microsoft.Extensions.ObjectPool	10.0.12
Hexalith.Conversations.Server.Tests	Microsoft.Extensions.Options	10.0.12
Hexalith.Conversations.Server.Tests	Microsoft.Extensions.Options.ConfigurationExtensions	10.0.12
Hexalith.Conversations.Server.Tests	Microsoft.Extensions.Primitives	10.0.12
Hexalith.Conversations.Server.Tests	Microsoft.Extensions.Resilience	10.10.0
Hexalith.Conversations.Server.Tests	Microsoft.Extensions.ServiceDiscovery	10.10.0
Hexalith.Conversations.Server.Tests	Microsoft.Extensions.ServiceDiscovery.Abstractions	10.10.0
Hexalith.Conversations.Server.Tests	Microsoft.Extensions.Telemetry	10.10.0
Hexalith.Conversations.Server.Tests	Microsoft.Extensions.Telemetry.Abstractions	10.10.0
Hexalith.Conversations.Server.Tests	Microsoft.IdentityModel.Abstractions	8.22.0
Hexalith.Conversations.Server.Tests	Microsoft.IdentityModel.JsonWebTokens	8.22.0
Hexalith.Conversations.Server.Tests	Microsoft.IdentityModel.Logging	8.22.0
Hexalith.Conversations.Server.Tests	Microsoft.IdentityModel.Protocols	8.22.0
Hexalith.Conversations.Server.Tests	Microsoft.IdentityModel.Protocols.OpenIdConnect	8.22.0
Hexalith.Conversations.Server.Tests	Microsoft.IdentityModel.Tokens	8.22.0
Hexalith.Conversations.Server.Tests	Microsoft.NET.Test.Sdk	18.10.1
Hexalith.Conversations.Server.Tests	Microsoft.TestPlatform.ObjectModel	18.10.1
Hexalith.Conversations.Server.Tests	Microsoft.TestPlatform.TestHost	18.10.1
Hexalith.Conversations.Server.Tests	Microsoft.Testing.Extensions.Telemetry	2.4.0
Hexalith.Conversations.Server.Tests	Microsoft.Testing.Extensions.TrxReport.Abstractions	2.4.0
Hexalith.Conversations.Server.Tests	Microsoft.Testing.Platform	2.4.0
Hexalith.Conversations.Server.Tests	Microsoft.Testing.Platform.MSBuild	2.4.0
Hexalith.Conversations.Server.Tests	Microsoft.Win32.Registry	5.0.0
Hexalith.Conversations.Server.Tests	OpenTelemetry	1.18.0
Hexalith.Conversations.Server.Tests	OpenTelemetry.Api	1.18.0
Hexalith.Conversations.Server.Tests	OpenTelemetry.Api.ProviderBuilderExtensions	1.18.0
Hexalith.Conversations.Server.Tests	OpenTelemetry.Exporter.OpenTelemetryProtocol	1.18.0
Hexalith.Conversations.Server.Tests	OpenTelemetry.Extensions.Hosting	1.18.0
Hexalith.Conversations.Server.Tests	OpenTelemetry.Instrumentation.AspNetCore	1.18.0
Hexalith.Conversations.Server.Tests	OpenTelemetry.Instrumentation.Http	1.18.0
Hexalith.Conversations.Server.Tests	OpenTelemetry.Instrumentation.Runtime	1.18.0
Hexalith.Conversations.Server.Tests	Polly.Core	8.4.2
Hexalith.Conversations.Server.Tests	Polly.Extensions	8.4.2
Hexalith.Conversations.Server.Tests	Polly.RateLimiting	8.4.2
Hexalith.Conversations.Server.Tests	Shouldly	4.3.0
Hexalith.Conversations.Server.Tests	System.CodeDom	6.0.0
Hexalith.Conversations.Server.Tests	System.IdentityModel.Tokens.Jwt	8.22.0
Hexalith.Conversations.Server.Tests	System.Management	6.0.1
Hexalith.Conversations.Server.Tests	System.Security.AccessControl	6.0.1
Hexalith.Conversations.Server.Tests	System.Threading.RateLimiting	8.0.0
Hexalith.Conversations.Server.Tests	coverlet.collector	10.0.1
Hexalith.Conversations.Server.Tests	xunit.analyzers	2.1.0
Hexalith.Conversations.Server.Tests	xunit.runner.visualstudio	4.0.0
Hexalith.Conversations.Server.Tests	xunit.v3	4.0.1
Hexalith.Conversations.Server.Tests	xunit.v3.assert	4.0.1
Hexalith.Conversations.Server.Tests	xunit.v3.common	4.0.1
Hexalith.Conversations.Server.Tests	xunit.v3.core.mtp-v2	4.0.1
Hexalith.Conversations.Server.Tests	xunit.v3.extensibility.core	4.0.1
Hexalith.Conversations.Server.Tests	xunit.v3.mtp-v2	4.0.1
Hexalith.Conversations.Server.Tests	xunit.v3.runner.common	4.0.1
Hexalith.Conversations.Server.Tests	xunit.v3.runner.inproc.console	4.0.1
